,id,rating,recipeName,sourceDisplayName
0,Coconut-Flour-Pancakes-1638026,4,Coconut Flour Pancakes,Healthy Lifestyle Today
1,Vegan-Coconut-Waffles-_for-Mama-_-Babe_-1702323,4,Vegan Coconut Waffles (for Mama + Babe),The Pig & Quill
2,Whole-wheat-pancakes-_new-and-improved_-352121,5,Whole Wheat Pancakes {New and Improved},Skinnytaste
3,Blueberry-Oatmeal-Breakfast-Bars-1701314,4,Blueberry Oatmeal Breakfast Bars,The Glowing Fridge
4,JENNY_S-BETTER-THAN-BOXED-LOW-CARB-PANCAKES-1663506,4,JENNY'S BETTER THAN BOXED LOW CARB PANCAKES,Linda's Low Carb Menus
5,Vanilla-Cinnamon-French-Toast-1057625,3,Vanilla-Cinnamon French Toast,Joy Bauer
6,Blueberry-Jam-1643229,4,Blueberry Jam,"Recipes, Food and Cooking"
7,Keto-Pancakes-Recipe-_with-cream-cheese__-1038440,4,Keto Pancakes Recipe (with cream cheese!),Wicked Stuffed
8,Loaded-Puff-Pastry-Breakfast-Cups-1708345,4,Loaded Puff Pastry Breakfast Cups,"Love, Pasta and A Tool Belt"
9,Biscuits-_-Gravy-Breakfast-Casserole-1700005,4,Biscuits & Gravy Breakfast Casserole,Stockpiling Moms
10,Breakfast-Casserole-1549257,4,Breakfast Casserole,The Frugal Fairy
11,Broccoli_-ham_-and-mozzarella-baked-with-eggs-310089,5,"Broccoli, Ham, and Mozzarella Baked with Eggs",Kalyn's Kitchen
12,Quinoa-Breakfast-Bowl-1576732,4,Quinoa Breakfast Bowl,Alice & Lois
13,Egg-_-Nopalitos-Scramble--1683337,4,Egg & Nopalitos Scramble ,Unilever North America
14,Courgette-Waffles-1567406,4,Courgette Waffles,A Life of Geekery
15,Scrambled-Egg-Whites-with-Steamed-Sweet-Potato-1690024,3,Scrambled Egg Whites with Steamed Sweet Potato,Beachbody
16,The-Perfect-Omelet-1696481,3,The Perfect Omelet,About Food Breakfast and Brunch
17,Bacon-_-Sweet-Potato-Hash-1686840,4,Bacon + Sweet Potato Hash,The Whole Smiths
18,Paleo-Chocolate-Breakfast-Bread-1521721,4,Paleo Chocolate Breakfast Bread,Primal Paleo
19,African-Pancakes-1618969,4,African Pancakes,Immaculate Bites
20,Omelet-in-Ziploc-Bag-1204780,4,Omelet in Ziploc Bag,Tidy Mom
21,Apple-Cinnamon-French-Toast-1624670,4,Apple Cinnamon French Toast,Creme de la Crumb
22,Cottage-Cheese-Pancakes-1639931,3,Cottage Cheese Pancakes,Bariatric Eating
23,Steak-and-Egg-Breakfast-Tacos-1687037,4,Steak and Egg Breakfast Tacos,Honey And Birch
24,Caramelized-Peach-Quinoa-Breakfast-Bowl-1684482,4,Caramelized Peach Quinoa Breakfast Bowl,The Lean Green Bean
25,Bacon-Banana-Pancakes-with-Buttery-Bourbon-Maple-Syrup-1701366,4,Bacon-Banana Pancakes with Buttery Bourbon Maple Syrup,Bake at 350
26,Southern-sausage-gravy-308032,5,Southern Sausage Gravy,The Kitchn
27,Zoodles-and-Eggs-1685332,4,Zoodles and Eggs,Balancing Paleo
28,Healthy-Chocolate-Pancakes-1476322,4,Healthy Chocolate Pancakes,Family Food on the Table
29,Savory-Breakfast-Cookies-_low-carb_-1528409,4,Savory Breakfast Cookies (low carb),My Life Cookbook
30,Brioche-French-Toast-1065036,4,Brioche French Toast,Southern Kissed
31,Whole-30-California-Avocado-Sweet-Potato-Hash-1593576,4,Whole 30 California Avocado Sweet Potato Hash,Dine & Dish
32,Egg-McMuffin-Casserole-1631085,4,Egg McMuffin Casserole,Makin' it Mo'Betta
33,Strawberries-_-Cream-Oatmeal-1640883,4,Strawberries & Cream Oatmeal,Tried and Tasty
34,Cream-Cheese-Stuffed-French-Toast-With-Blueberry-Sauce-1708325,4,Cream Cheese Stuffed French Toast With Blueberry Sauce,Kitchen Dreaming
35,Perfect-Pancakes-The-Pioneer-Woman-Cooks-_-Ree-Drummond-41350,5,Perfect Pancakes,The Pioneer Woman
36,Berry-No-Cook-Overnight-Oatmeal-1098051,4,Berry No Cook Overnight Oatmeal,Just 2 Sisters
37,Basic-Crepes-1686240,3,Basic Crepes,Pillsbury.com
38,Terang-Bulan-Pancake-1702679,4,Terang Bulan Pancake,Simply Food Recipes
39,Make-Ahead-Egg-Bake-1655783,3,Make-Ahead Egg Bake,Kraft
40,How-to-Scramble-Eggs-1569802,4,How to Scramble Eggs,Add a Pinch
41,Easy-Overnight-Maple-_-Brown-Sugar-Oatmeal-1705064,3,Easy Overnight Maple & Brown Sugar Oatmeal,Southern Mom Loves
42,Slow-Cooker-Blueberry-Almond-Oatmeal-1707707,4,Slow Cooker Blueberry Almond Oatmeal,White Lights on Wednesday
43,Chocolate-Chip-Pancakes-511341,5,Chocolate Chip Pancakes,Food Republic
44,Simple-Fluffy-Sour-Cream-Pancakes-1091293,4,Simple Fluffy Sour Cream Pancakes,Her Cup Of Joy
45,Snickerdoodle-Pancakes-1641010,3,Snickerdoodle Pancakes,WEDO Gluten Free
46,Bacon-_-Kale-Baked-Eggs-1710699,4,Bacon + Kale Baked Eggs,"Baking, and Everything"
47,Cheesecake-Stuffed-French-Toast-Sliders-1691299,4,Cheesecake Stuffed French Toast Sliders,Grumpy's Honeybunch
48,Cheesy-Baked-Egg-in-Toast-1242287,4,Cheesy Baked Egg in Toast,Of The Hearth
49,Eggnog-french-toast-352366,5,Eggnog French Toast,Skinnytaste
50,Breakfast-Sticks-1096708,4,Breakfast Sticks,Buttoni's Low Carb Recipes
51,Strawberry-Stuffed-French-Toast-1613317,4,Strawberry Stuffed French Toast,Nobiggie
52,Overnight-Sausage_-Egg-_-Hash-Brown-Breakfast-Casserole-1701196,4,"Overnight Sausage, Egg & Hash Brown Breakfast Casserole",The Kitchen is My Playground
53,_Double-Stuf-OREO-Pancakes_-1091311,4,~’Double Stuf’ OREO Pancakes!,Oh Bite It
54,Camper_s-Breakfast-Hash-1597103,4,Camper's Breakfast Hash,TheMountainKitchen
55,Mini-Yogurt-Pancakes-1633781,4,Mini Yogurt Pancakes,Veggiemama
56,Easy-Vegan-Waffles-1708492,4,Easy Vegan Waffles,Home Cooked Vegan
57,Make-Ahead-Fruit-_-Yogurt-Breakfast-Parfaits-475395,4,Make-Ahead Fruit & Yogurt Breakfast Parfaits,Iowa Girl Eats
58,Chia-Seed-Pancakes-1709190,4,Chia-Seed Pancakes,Welcome to my kitchen
59,French-Toast-Roll-Ups-or-French-Toast-Pinwheels-1638580,4,French Toast Roll Ups or French Toast Pinwheels,Carlsbad Cravings
60,Egg-Fast-Recipe---Cinnamon-French-Toast-Puff-1698588,4,Egg Fast Recipe - Cinnamon French Toast Puff,Eating for Teal
61,Blueberry-Breakfast-Bake-1699614,4,Blueberry Breakfast Bake,12Tomatoes
62,Raspberry-Baked-Oatmeal-1698086,4,Raspberry Baked Oatmeal,Southern Bite
63,Eggs-In-Clouds-1557666,3,Eggs In Clouds,Blue Apron Blog
64,Cinnamon-toast-french-toast-305359,5,Cinnamon Toast French Toast,Smitten Kitchen
65,Perfect-hard-boiled-eggs-every-time-352315,5,Perfect Hard Boiled Eggs Every Time,Skinnytaste
66,The-perfect-soft-boiled-egg-307984,5,The Perfect Soft-Boiled Egg,The Kitchn
67,Oven-Baked-Bacon-1529932,4,Oven Baked Bacon,Butter With A Side Of Bread
68,Basic-Crepe-1040345,4,Basic Crepe,The Foodie Affair
69,Baked-Vegetable-Egg-Omelets-1711924,4,Baked Vegetable Egg Omelets,Posh on a Budget
70,Smoked-Salmon-Eggs-Benedict-with-Dill-Waffles-1560231,4,Smoked Salmon Eggs Benedict with Dill Waffles,Striped Spatula
71,Breakfast-Skillet-with-Diced-Red-Potatoes-1513835,4,Breakfast Skillet with Diced Red Potatoes,12Tomatoes
72,Breakfast-Casserole-1596514,3,Breakfast Casserole,Trader Joe's
73,Make-Over-Breakfast-Sausage-and-Mushroom-Strata-1707983,4,Make-Over Breakfast Sausage and Mushroom Strata,Skinnytaste
74,Slow-Cooker-Creamy-Almond-Oatmeal-1636131,4,Slow Cooker Creamy Almond Oatmeal,Skinny Ms
75,Spanish-Style-Eggs-1634900,4,Spanish-Style Eggs,Best Health
76,Best-Ever-Breakfast-Potatoes-1537506,4,Best Ever Breakfast Potatoes,The Domestic Geek Wisconsin
77,Cottage-Cheese-Scrambled-Eggs-recipe-137-calories-781513,4,Cottage Cheese Scrambled Eggs recipe – 137 calories,Diet Recipe Blog
78,Matcha-Pancakes-1202059,4,Matcha Pancakes,"Diane, A Broad"
79,Country-Breakfast-1533018,3,Country Breakfast,Go RVing
80,Savory-Stuffed-French-Toast-1707520,4,Savory Stuffed French Toast,Jeanie and Lulu's Kitchen
81,Oatmeal-Pancakes-1078436,4,Oatmeal Pancakes,Drugstore Divas
82,Easy-Homemade-Pancakes-1574840,4,Easy Homemade Pancakes,Julie's Eats & Treats
83,VANILLA-MAPLE-WAFFLE-1712440,4,VANILLA MAPLE WAFFLE,Quest Nutrition Blog
84,Chocolate-Hazelnut-Paleo-Pancakes-1699100,4,Chocolate Hazelnut Paleo Pancakes,Paleo Grubs
85,4-Simple-Breakfasts-with-Berries_-Yogurt_-and-Donuts-1695469,4,"4 Simple Breakfasts with Berries, Yogurt, and Donuts",Buttercream Blonde
86,Breakfast-Burrito-Bowls-1693941,4,Breakfast Burrito Bowls,The Busy Baker
87,Bacon-Stuffed-French-Toast-Waffles-1679873,4,Bacon Stuffed French Toast Waffles,Hormel
88,Roti-Canai_Paratha-_Indian-Pancake_-1657307,3,Roti Canai/Paratha (Indian Pancake),AllRecipes Asia
89,Vegan-Buckwheat-Pancakes-1703060,4,Vegan Buckwheat Pancakes,Connoisseurus Veg
90,Polenta-Sour-Cream-Goat-Cheese-Breakfast-1682532,4,Polenta Sour Cream Goat Cheese Breakfast,The Seaman Mom
91,Frittata-Lyonnaise-1705620,4,Frittata Lyonnaise,Kitchen Trials
92,Skinny-PB-_-J-French-Toast-Sticks-1697179,4,Skinny PB & J French Toast Sticks,Enjoy cooking
93,MEDITERRANEAN-OMELETTE-1637108,4,MEDITERRANEAN OMELETTE,Good food. Best Recipes
94,3-Ingredient-Egg-Breakfast-Skillet-1540181,3,3-Ingredient Egg Breakfast Skillet,Tablespoon
95,Cinnamon-Quinoa-Breakfast-Bowl-1647351,4,Cinnamon Quinoa Breakfast Bowl,Love and Lemons
96,Easy-Make-Ahead-Breakfast-Casserole-1697804,4,Easy Make-Ahead Breakfast Casserole,Sally's Baking Addiction
97,Quick-_-Easy-Vanilla-Almond-Granola-1626392,4,Quick & Easy Vanilla Almond Granola,Something Swanky
98,Mini-Frittatas-1697267,3,Mini Frittatas,Oh Sweet day
99,Apple-Cinnamon-Overnight-Oatmeal-1701420,4,Apple Cinnamon Overnight Oatmeal,Kathryn Seppamaki
100,Old-Fashion-French-Toast-1687789,4,Old Fashion French Toast,Seduction in The Kitchen
101,Vegan-Banana-Hazelnut-Pancakes-1602350,4,Vegan Banana Hazelnut Pancakes,Heart of a Baker
102,Apple-Cinnamon-Syrup-1597843,4,Apple Cinnamon Syrup,Home Baked Joy
103,Simple-Vegan-Oatmeal-1688633,4,Simple Vegan Oatmeal,Veggie Souls
104,Hash-Brown-Breakfast-Cups-1048703,4,Hash Brown Breakfast Cups,Pink Recipe Box
105,Fiber-Starter-Breakfast-Bowl-1551342,4,Fiber Starter Breakfast Bowl,Yuri Elkaim
106,Sweet-Grated-Veggie-Breakfast-Hash-with-Raisins-1689588,4,Sweet Grated Veggie Breakfast Hash with Raisins,Happy Healing
107,Egg-and-Potato-Casserole-1704459,3,Egg and Potato Casserole,Diabetic Living
108,Banana-Chocolate-Chip-Baked-Oatmeal-1309608,4,Banana Chocolate Chip Baked Oatmeal,Food Doodles
109,Homemade-Breakfast-Sausage-1696498,4,Homemade Breakfast Sausage,Grow A Good Life
110,Ham_-Egg-and-Cheese-Breakfast-Cupcakes-1222942,4,"Ham, Egg and Cheese Breakfast Cupcakes",Created by Diane
111,Whole-Wheat-Sour-Dough-Pancakes-1603729,4,Whole Wheat Sour Dough Pancakes,The Filled Lantern
112,Basic-Tofu-Scramble-1689532,4,Basic Tofu Scramble,The Plant Strong Vegan
113,Deconstructed-Bacon-Egg-Breakfast-Sandwich-1706649,4,Deconstructed Bacon Egg Breakfast Sandwich,Cooks&Books&Recipes
114,Spelt-Breakfast-1706599,4,Spelt Breakfast,Welcome to my kitchen
115,Five-Ingredient-Blender-Pancakes-1380961,4,Five Ingredient Blender Pancakes,Simple Roots Wellness
116,EXTRA-FLUFFY-BLUEBERRY-ALMOND-PANCAKES-970663,4,EXTRA FLUFFY BLUEBERRY ALMOND PANCAKES,Sweet Peas and Saffron
117,Vanilla-Cinnamon-French-Toast-995973,4,Vanilla Cinnamon French Toast,BitterYum
118,BLUEBERRY-YOGURT-PANCAKES-1687573,4,BLUEBERRY YOGURT PANCAKES,Moore or Less Cooking Food Blog
119,PUMPKIN-SPICE-PANCAKES-1690394,4,PUMPKIN SPICE PANCAKES,Enjoy cooking
120,Mocha-Overnight-Oatmeal-1282683,4,Mocha Overnight Oatmeal,Grain Changer
121,Banana-Breakfast-Sushi-_paleo_-GF_-1614174,4,"Banana Breakfast Sushi (paleo, GF)",Perchance to Cook
122,Overnight-Cinnamon-Spiced-Steel-Cut-Oats-1557533,4,Overnight Cinnamon Spiced Steel Cut Oats,Simply Gourmet in Southie
123,Apple-Pancakes-1103486,4,Apple Pancakes,Living The Gourmet
124,Spicy-Chickpea-Scramble-1611328,4,Spicy Chickpea Scramble,Create Mindfully
125,Thanksgiving-breakfast-hash-with-cheddar-mashed-potato-pancakes-333614,5,Thanksgiving Breakfast Hash with Cheddar Mashed Potato Pancakes,How Sweet It Is
126,Cinnamon-Orange-Vanilla-Grilled-French-Toast-1686635,4,Cinnamon Orange Vanilla Grilled French Toast,Healthy. Happy. Life.
127,Same-Day-Mock-Liege-Waffles-1686968,4,Same Day Mock Liege Waffles,A Kitchen Hoor's Adventures
128,Blueberry-Zoat-Breakfast-Bars-1689993,4,Blueberry Zoat Breakfast Bars,Healthfection
129,Simple-Hemp-Seed-Porridge-_vegan_-grain-free_-gluten-free_-1684394,4,"Simple Hemp Seed Porridge {vegan, grain free, gluten free}",The Clean Dish
130,Pesto-Prosciutto-Dutch-Baby-1697393,4,Pesto Prosciutto Dutch Baby,Kevin Is Cooking
131,Wild-Rice-Veggie-Egg-Bake-_Gluten-Free_-1700180,4,Wild Rice Veggie Egg Bake {Gluten Free},Gluten Free Jess
132,BANANA-OATMEAL-PANCAKES-1631508,4,BANANA OATMEAL PANCAKES,J's Kitchen By Khadija.
133,Chocolate-Pomegranate-Overnight-Oats-1696762,4,Chocolate Pomegranate Overnight Oats,Nutrition Starring You
134,Lemon-Ricotta-Pancakes-1623843,4,Lemon Ricotta Pancakes,The Chunky Chef
135,Healthy-Protein-Pancake-1711215,4,Healthy Protein Pancake,Fresh Heather
136,Triple-Berry-Baked-Oatmeal-1687884,4,Triple Berry Baked Oatmeal,Lynn's Kitchen Adventures
137,Tropical-Smoothie-Berry-Breakfast-Pizza-1710446,4,Tropical Smoothie Berry Breakfast Pizza,Skinny Fitalicious
138,Fluffernutter-and-Jelly-Stuffed-French-Toast-1706743,3,Fluffernutter and Jelly Stuffed French Toast,Very Vera
139,Rainbow-Pepper-_-Feta-Quiche-1704101,4,Rainbow Pepper + Feta Quiche,Baby Foode
140,Starbucks-Inspired-Oatmeal-1201429,4,Starbucks Inspired Oatmeal,My Foodie Lifestyle
141,Baked-Blueberry-Buttermilk-Pancakes-1685897,4,Baked Blueberry Buttermilk Pancakes,The Kitchen is My Playground
142,Banana-Pancakes-1629361,4,Banana Pancakes,Taste My Recipes
143,Sausage-and-Eggs-to-Go-998776,4,Sausage and Eggs to Go,Mark's Daily Apple
144,3-Ingredient-Protein-Powder-Pancakes-1563205,4,3-Ingredient Protein Powder Pancakes,Yuri Elkaim
145,Double-Sweet-Cherry-Vanilla-Jam-1697901,4,Double Sweet Cherry Vanilla Jam,Fillmore Container
146,Easy-Granola-1021130,3,Easy Granola,My Real Food Family
147,Creamy-Instant-Oatmeal-Topped-with-Bananas-and-Pecans-1599515,4,Creamy Instant Oatmeal Topped with Bananas and Pecans,Delightful Mom Food
148,Crazy-Easy-Banana-Pancakes-1004455,4,Crazy-Easy Banana Pancakes,"Mom, Can I Have That"
149,Sir-Bananas-French-Toast-Bake-1557280,4,Sir Bananas™ French Toast Bake,Platter Talk
150,Blueberry-French-Toast-1641556,4,Blueberry French Toast,Faithfully Free
151,Broccoli-cheddar-and-sausage-egg-muffin-pull-a-parts-334980,5,Broccoli Cheddar and Sausage Egg Muffin Pull-A-Parts,Picky Palate
152,Zucchini-Pancakes-Grain-free-1001104,4,Zucchini Pancakes – Grain-free,Homemade Mommy
153,Tropical-Summer-Coconut-Oatmeal-1705651,4,Tropical Summer Coconut Oatmeal,The Endless Meal
154,Bistro-Breakfast-1522799,4,Bistro Breakfast,Culinary Envy
155,Brown-sugar-glazed-bacon-308530,5,Brown Sugar-Glazed Bacon,The Kitchn
156,Breakfast-Fruit-Salad-1077251,4,Breakfast Fruit Salad,Stockpiling Moms
157,IHOP-pancake-629692,3,IHOP pancake,Cookin' Up North
158,Crock-Pot-Bacon-and-Sausage-Breakfast-Casserole-1710585,4,Crock Pot Bacon and Sausage Breakfast Casserole,Funny Is Family
159,Easy-Vegan-Breakfast-Tacos-1693234,4,Easy Vegan Breakfast Tacos,Minimalist Baker
160,Tempeh-Benedict-with-Vegan-Hollandaise-Sauce-1703064,4,Tempeh Benedict with Vegan Hollandaise Sauce,Connoisseurus Veg
161,Dark-Chocolate-Cranberry-Baked-Oatmeal-1563333,4,Dark Chocolate Cranberry Baked Oatmeal,Just Us Four
162,Ham-and-Cheese-Waffles-1706765,3,Ham and Cheese Waffles,Very Vera
163,Gluten-Free-Dutch-Baby-with-Blueberry-Maple-Syrup-1702716,4,Gluten Free Dutch Baby with Blueberry Maple Syrup,A Beautiful Plate - Laura
164,Ham-and-Egg-Cupcakes-for-Breakfast-979905,4,Ham and Egg Cupcakes for Breakfast,Gal on a Mission
165,BROCCOLI-QUICHE-1218721,4,BROCCOLI QUICHE,Linda's Low Carb Menus
166,Jillian-Michaels-Spinach-Frittata-with-Potatoes_-Peppers_-and-Feta-1704195,3,"Jillian Michaels Spinach Frittata with Potatoes, Peppers, and Feta",The Best of Life Magazine
167,Zucchini-Pancakes-1683302,4,Zucchini Pancakes,Skinnytaste
168,Apple-pancakes-307171,5,Apple Pancakes,Smitten Kitchen
169,Crispy-Fried-Eggs-1708417,3,Crispy Fried Eggs,Serious Eats
170,Italian-Breakfast-Toast-1632330,4,Italian Breakfast Toast,Sprinkle Some Fun
171,Red-velvet-pancakes-333836,5,Red Velvet Pancakes,How Sweet It Is
172,Spicy-Summer-Grits-1633361,4,Spicy Summer Grits,Trial And Eater
173,Ham-and-Cheese-Potato-Pancakes-1568472,4,Ham and Cheese Potato Pancakes,Pack Momma
174,Bananas-Foster-Waffles-1698556,4,Bananas Foster Waffles,No Fail Recipes
175,Buckwheat-Porridge-With-Bananas-1635241,3,Buckwheat Porridge With Bananas,Kris Carr
176,French-Toast-Bites-484866,4,French Toast Bites,The Comfort of Cooking
177,Peaches-and-Cream-Baked-French-Toast-1686573,4,Peaches and Cream Baked French Toast,365 Days of Baking & More
178,Paleo-Sausage-Egg-McMuffin-477146,4,Paleo Sausage Egg “McMuffin”,Nom Nom Paleo
179,Homemade-Hash-Browns-with-Spinach-and-Carrot-1120175,4,Homemade Hash Browns with Spinach and Carrot,Inspired Recipes
180,Green-Veggie-Frittata-1697495,4,Green Veggie Frittata,Personally Paleo
181,Hemp-Seed-Porridge-1684396,4,Hemp Seed Porridge,Eat the cookie
182,Egg-Muffins-1113649,4,Egg Muffins,The Sweet Spot Blog
183,Peanut-Butter-Cup-Overnight-Oats-1038240,4,Peanut Butter Cup Overnight Oats,Pepper Scraps
184,Raspberry-Skillet-Pancake-1018232,4,Raspberry Skillet Pancake,Bake or Break
185,Peanut-Butter-and-Chocolate-Steel-Cut-Oatmeal-1622751,3,Peanut Butter and Chocolate Steel-Cut Oatmeal,Beachbody
186,21-Day-Fix-Spinach-Pesto-Frittata-1269076,4,21 Day Fix Spinach Pesto Frittata,Potentially Lovely
187,Grain-Free-Buttermilk-Pancakes-1680220,4,Grain Free Buttermilk Pancakes,Coconut Mama
188,Swedish-Pancakes-1094763,4,Swedish Pancakes,Arctic Garden Studio
189,Bacon_-Egg_-And-Cheese-Breakfast-Casserole-1490559,4,"Bacon, Egg, And Cheese Breakfast Casserole",Comfortable Food
190,Maple-Vanilla-Overnight-Oats_-1567318,4,Maple Vanilla Overnight Oats!,The Organic Kitchen
191,Chocolate-Banana-Waffles-1711149,4,Chocolate Banana Waffles,Amy's Cooking Adventures
192,Hot-Pumpkin-Quinoa-Breakfast-1680510,4,Hot Pumpkin Quinoa Breakfast,Garden Fresh Foodie
193,Blueberry-Pancakes-611509,3,Blueberry Pancakes,12Tomatoes
194,Mango-_-Young-Dried-Coconut-Granola-Breakfast-Parfaits-_Vegan_-1706590,4,Mango & Young Dried Coconut Granola Breakfast Parfaits (Vegan),Gringalicious
195,Baked-Western-Omelet-1203701,4,Baked Western Omelet,The Seasoned Mom
196,Breakfast-polenta-308885,5,Breakfast Polenta,101 Cookbooks
197,Turmeric-Persimmon-Porridge-1696030,4,Turmeric Persimmon Porridge,Nutrition Stripped
198,Cream-Cheese-_-Jam-Muffins-1706430,4,Cream Cheese & Jam Muffins,Macheesmo
199,Cantaloupe-Breakfast-Bowls-1624395,4,Cantaloupe Breakfast Bowls,Eating Birdfood
200,Eggy-in-a-Basket-1011527,4,Eggy in a Basket,Anna Adventure
201,Mango-Overnight-Oats-1622358,3,Mango Overnight Oats,Quaker Oats
202,Coconut-milk-breakfast-quinoa-333578,5,Coconut Milk Breakfast Quinoa,How Sweet It Is
203,Healthy-Peaches-and-Cream-Pancakes-1708451,4,Healthy Peaches and Cream Pancakes,Lively Table
204,Cottage-cheese-and-fruit-casserole-without-flour_-_Diet-foods_-1689418,4,Cottage cheese and fruit casserole without flour! (Diet foods),Good food. Best Recipes
205,2-Minute-Omelette-in-a-Mug-977874,4,2 Minute Omelette in a Mug,Scattered Thoughts of a Crafty Mom
206,Oatmeal-almond-pancakes-334089,5,Oatmeal Almond Pancakes,The Naptime Chef
207,Raspberry-Overnight-Oatmeal-with-Chia-Seeds-and-Acai-1459890,3,Raspberry Overnight Oatmeal with Chia Seeds and Acai,The Healthful Ideas
208,Quick-_-Easy-Sweet-Potato-Rosti-in-your-waffle-maker-1623402,4,Quick & Easy Sweet Potato Rosti – in your waffle maker,Food to Glow
209,Fluffy-Pancakes-1588299,4,Fluffy Pancakes,Cook Diary
210,Baked-Eggs-in-Whole-Roasted-Tomatoes-1007867,3,Baked Eggs in Whole Roasted Tomatoes,Whole Living
211,Another-Gluten-Free-Pancake-1690464,3,Another Gluten Free Pancake,Vega-licious
212,Plus_-Non-Toxic-Waffle-Iron-Solutions-_-Real-Food-Waffle-Topping-Ideas_-1698125,4,Plus! Non Toxic Waffle Iron Solutions & Real Food Waffle Topping Ideas!,Raising Generation Nourished
213,French-Toast-with-Vegan-Nog-964692,4,French Toast with Vegan Nog,Create Mindfully
214,Cheesy-Chive-Scrambled-Eggs-1601874,4,Cheesy Chive Scrambled Eggs,Kitchen Counter Chronicle
215,Oatmeal-Raisin-Overnight-Oats-1514861,4,Oatmeal Raisin Overnight Oats,Smile Sandwich
216,Recipes-1026148,3,Recipes,Bargain Briana
217,Best-Ever-Homemade-Waffles-1632212,4,Best Ever Homemade Waffles,GoodLife Eats
218,Super-Easy-European-Style-Potato-Pancakes-1561455,4,Super Easy European Style Potato Pancakes,Innocent Delight
219,3-Ingredient-Bacon-Asparagus-Frittata-1602561,4,3 Ingredient Bacon Asparagus Frittata,Grok Grub
220,Tomato-Basil-Egg-Scramble-1252682,4,Tomato Basil Egg Scramble,24 Carrot Kitchen
221,French-Toast-1601367,4,French Toast,Cooking  And Cooking
222,Pancake-1057627,4,Pancake,Created by Diane
223,Delicious-_-Easy-Chilled-Breakfast-Idea-1200426,4,Delicious & Easy Chilled Breakfast Idea,A Cultivated Nest
224,Smashed-Avocado-Poached-Egg-Toast-1703782,4,Smashed Avocado Poached Egg Toast,Innocent Delight
225,Protein-Packed-Breakfast-623277,3,Protein Packed Breakfast,AApplemint
226,Caprese-baked-egg-cups-333349,5,Caprese Baked Egg Cups,How Sweet It Is
227,Very-Lush-Omelet-_-1617619,4,Very Lush Omelet !,Good food. Best Recipes
228,Pumpkin-Oatmeal-1623528,4,Pumpkin Oatmeal,What's That Smell?
229,Korean-Style-Potato-_-Scallion-Pancakes-1708712,3,Korean-Style Potato & Scallion Pancakes,What Great Grandma Ate
230,Cinnamon-French-Toast-Fingers-with-Greek-Yogurt-and-Blueberry-Sauce-1626342,4,Cinnamon French Toast Fingers with Greek Yogurt and Blueberry Sauce,Kitchen Sanctuary
231,Easy_-Breezy-Homemade-Pancakes-1642241,4,"Easy, Breezy Homemade Pancakes",Simplify Life with Mrs. R
232,BASIC-DUTCH-BABY-1618980,3,BASIC DUTCH BABY,Los Angeles Times
233,Crispy-Skillet-Breakfast-Potatoes-1624842,4,Crispy Skillet Breakfast Potatoes,Build Your Bite
234,Honey-Lemon-Coconut-Paleo-Pancakes-1580984,3,Honey Lemon Coconut Paleo Pancakes,Paleo Hacks
235,French-Toast-Roll-Ups-With-Cream-Cheese-and-Strawberries-1068173,4,French Toast Roll Ups With Cream Cheese and Strawberries,Moms Need To Know
236,Overnight-Blackberry-Yeast-Waffles-with-Blackberry-Syrup-1707580,4,Overnight Blackberry Yeast Waffles with Blackberry Syrup,Mom On Timeout
237,Cinnamon-apple-spiced-oatmeal-352259,5,Cinnamon Apple Spiced Oatmeal,Skinnytaste
238,Easy-Frugal-Recipe-_-Strawberry-Freezer-Jam-with-Honey-1687172,4,Easy Frugal Recipe | Strawberry Freezer Jam with Honey,Happy Deal Happy Day
239,Father_s-Day-Breakfast-680826,4,Father's Day Breakfast,Band Friendly Recipes
240,Fluffy-Pancakes-1272469,4,Fluffy Pancakes,The Golden Cookbook
241,Chia-Seed-Banana-Breakfast-Pudding-682779,4,Chia Seed Banana Breakfast Pudding,Low Carb High Fat Recipes
242,Grilled-French-Toast-1692821,4,Grilled French Toast,Buttercream Blonde
243,Shakshuka---Breakfast-in-a-Skillet-1040498,4,Shakshuka - Breakfast in a Skillet,Tickle Those Tastebuds
244,Simple-Oat-Waffles-1356560,4,Simple Oat Waffles,Veggie On A Penny
245,Chia-Oatmeal-with-Blueberries-1601343,4,Chia Oatmeal with Blueberries,A Healthy Plate
246,Ricotta-Pancakes-With-Maple-Butter-1699239,3,Ricotta Pancakes With Maple Butter,Donna Hay
247,Whole-Wheat-Yogurt-Waffles-1619622,4,Whole Wheat Yogurt Waffles,The Lean Green Bean
248,Paleo-Scotch-Eggs-1570854,4,Paleo Scotch Eggs,Caveman Diet Blog
249,Savory-Cauliflower-Waffles-_-Fried-Eggs-1700084,4,Savory Cauliflower Waffles + Fried Eggs,The Gourmet RD
250,Curried-Eggs-with-Spinach-1678626,4,Curried Eggs with Spinach,Naturally Ella
251,Best-Eggs-Benedict-480594,4,Best Eggs Benedict,No Recipes
252,Overnight-Blueberry-French-Toast-Casserole-1094256,4,Overnight Blueberry French Toast Casserole,Food Charlatan
253,Strawberry-Blueberry-Overnight-Oats-1643376,4,Strawberry Blueberry Overnight Oats,A Fit Philosophy
254,Turkey-Sausage-Patties-with-Cranberry-Relish-772048,4,Turkey Sausage Patties with Cranberry Relish,
255,Chickpea-Cinnamon-Toast-Crunch-Cereal-1319169,4,Chickpea Cinnamon Toast Crunch Cereal,Further Food
256,Eggless-French-Toast-1097339,4,Eggless French Toast,Revi's Foodography
257,Rice-Bowl-with-Fried-Egg-and-Avocado-578427,3,Rice Bowl with Fried Egg and Avocado,Bon Appétit
258,German-Pancake-Gluten-Free-1631689,4,German Pancake Gluten Free,My Glass Dish
259,Peach-Pie-Pancakes-1689860,4,Peach Pie Pancakes,Amy's Healthy Baking
260,Zippy-Zucchini-Frittata-1704462,3,Zippy Zucchini Frittata,Diabetic Living
261,Coquito-French-Toast-441403,5,Coquito French Toast,Saveur
262,Blueberry-Breakfast-Bowl-1216170,4,Blueberry Breakfast Bowl,Leaf Parade
263,Baby-Dutch-Baby-Pancakes-1549468,4,Baby Dutch Baby Pancakes,Fossil Foods
264,Coconut-Flour-Protein-Waffles-1690732,4,Coconut Flour Protein Waffles,Wellness Mama
265,Single-Serving-Baked-Apple-Oatmeal-1702556,4,Single-Serving Baked Apple Oatmeal,Fit Men Cook
266,Single-Serve-Slow-Cooker-Oatmeal-1687129,4,Single Serve Slow Cooker Oatmeal,Don't Waste Crumbs
267,Apricot-Vanilla-Cashew-Refrigerator-Oatmeal-1698206,4,Apricot Vanilla Cashew Refrigerator Oatmeal,Premedidated Leftovers
268,Strawberry-Cream-Cheese-French-Toast-1707122,4,Strawberry Cream Cheese French Toast,Cindy's Recipes and Writings
269,Cheesy-Spinach-Omelet-466660,4,Cheesy Spinach Omelet,The Eccentric Cook
270,Peanut-Butter-Pancake-Muffins-1684920,3,Peanut Butter Pancake Muffins,Tablespoon
271,Saturday-Skillet-Breakfast-1088578,3,Saturday Skillet Breakfast,Diabetic Connect
272,French-Breakfast-Puffs-1526074,4,French Breakfast Puffs,365 Days of Baking & More
273,2-INGREDIENT-PANCAKES-1683615,4,2 INGREDIENT PANCAKES,Enjoy cooking
274,Easy-Breakfast-Burrito-_Cups_-with-gluten-free-option-1623476,4,"Easy Breakfast Burrito ""Cups"" with gluten-free option",What's That Smell?
275,5-Minute-Protein-Pancakes-1267630,4,5-Minute Protein Pancakes,Hungry and Fit
276,Vegan-Peanut-Butter-and-Jelly-French-Toast-1703156,4,Vegan Peanut Butter and Jelly French Toast,The Edgy Veg
277,Italian-Breakfast-Casserole-1679318,4,Italian Breakfast Casserole,Kevin and Amanda
278,Sweet-Pepper-Hash-Brown-Baked-Eggs-1704454,3,Sweet Pepper Hash Brown Baked Eggs,Diabetic Living
279,Creamy-Mango-_-Banana-Overnight-Oats-834446,4,Creamy Mango & Banana Overnight Oats,Deliciously Ella
280,Blueberry-Jam-Overnight-Oats-1694209,4,Blueberry Jam Overnight Oats,Beer Girl Cooks
281,Poffertjes-_Dutch-Mini-Pancakes_-1684654,4,Poffertjes (Dutch Mini Pancakes),Tara's Multicultural Table
282,Dairy-And-Egg-free-Banana-Pancakes-1544591,3,Dairy And Egg-free Banana Pancakes,Tesco Food
283,Make-Ahead-Breakfast-Burritos-471469,5,Make Ahead Breakfast Burritos,Southern Plate
284,Fluffy-American-pancakes-569747,3,Fluffy American pancakes,BBC
285,Healthy-Protein-Banana-Pancakes-1543487,4,Healthy Protein Banana Pancakes,Slick Housewives
286,Oatmeal-1081536,4,Oatmeal,100 Days of Real Food
287,On-The-Go-Breakfast-Burrito-Cones-1681637,4,On-The-Go Breakfast Burrito Cones,Fork and Beans
288,Cinnamon-French-Toast-1628897,4,Cinnamon French Toast,Center Cut Cook
289,Bacon_-Potato_-and-Egg-Casserole-1623146,4,"Bacon, Potato, and Egg Casserole",Two Peas & Their Pod
290,Perfect-Pancakes-986263,4,Perfect Pancakes,She Makes and Bakes
291,Gluten-Free-Veggie-Breakfast-Bakes-1528332,4,Gluten-Free Veggie Breakfast Bakes,Gluten-Free Recipes
292,The-Perfect-Waffles-981213,4,The Perfect Waffles,The Semisweet Sisters
293,Mexican-Egg-Casserole-1698555,4,Mexican Egg Casserole,No Fail Recipes
294,Individual-Egg-_-Spinach-Bowls-1201751,4,Individual Egg & Spinach Bowls,Skinny Ms
295,Cardamom-Almond-Coconut-Granola-Cereal-1068227,4,Cardamom Almond Coconut Granola Cereal,Natural Chow
296,Eggnog-French-Toast-1637495,4,Eggnog French Toast,Small Town Woman
297,Easy-Breakfast-Burrito-982363,4,Easy Breakfast Burrito,Garnish With Lemon
298,Sausage-Hash-Brown-Breakfast-Casserole-1545311,4,Sausage Hash Brown Breakfast Casserole,Plain Chicken
299,Apple-Cinnamon-Oatmeal-1629567,4,Apple Cinnamon Oatmeal,Dinner Was Delish
300,Basic-Western-Omelet-513987,5,Basic Western Omelet,Food Republic
301,Pork-Belly-Benedict-Smothered-Fries-1705536,4,Pork Belly Benedict Smothered Fries,Do You Even Paleo
302,Country-Breakfast-Skillet-1525944,3,Country Breakfast Skillet,All Food Recipes
303,Vegan-French-Toast-Makes-Breakfast-Better-1250659,4,Vegan French Toast Makes Breakfast Better,Vegan Daydream
304,Avocado-Breakfast-Bake-627945,3,Avocado Breakfast Bake,Nutrition WOD
305,Cinnamon-Streusel-Pancakes-1682365,4,Cinnamon Streusel Pancakes,Two Peas & Their Pod
306,French-Toast-with-Strawberries-1270296,4,French Toast with Strawberries,Rodale Wellness
307,2-Ingredient-Pancakes-1264118,4,2-Ingredient Pancakes,Our Best Bites
308,Homemade-Pancake-Mix-1662430,4,Homemade Pancake Mix,Something Swanky
309,Spring-Onion-Breakfast-Tacos-with-Mango-Habanero-Salsa-1702001,4,Spring Onion Breakfast Tacos with Mango Habanero Salsa,Fearless Dining
310,Carrot-Cake-Pancakes-1686663,4,Carrot Cake Pancakes,Thanks for Cookin
311,Breakfast-Quesadillas-1699423,4,Breakfast Quesadillas,Tastes Better from Scratch
312,Sweet-Potato-Porridge-1698284,3,Sweet Potato Porridge,Honestly Healthy
313,Creamy-Cinnamon-Oats-1585984,4,Creamy Cinnamon Oats,Sue's Plant Based Health
314,Simple-Strawberry-Jam-in-the-Bread-Machine-1687024,4,Simple Strawberry Jam in the Bread Machine,A Healthy Slice of Life
315,Easy-Breakfast-Saute-1616304,4,Easy Breakfast Saute,Natural Fertility and Wellness
316,Spinach-and-Egg-White-Omelet-566008,4,Spinach and Egg White Omelet,Eat Yourself Skinny
317,Zucchini-and-Egg-Breakfast-1686975,3,Zucchini and Egg Breakfast,Paleo Leap
318,Chicken-and-Waffles-1684538,4,Chicken and Waffles,Spicy Southern Kitchen
319,Oatmeal-466649,4,Oatmeal,The Eccentric Cook
320,Cinnamon-Roll-Waffles-1637483,4,Cinnamon Roll Waffles,Small Town Woman
321,Cauliflower-Pancakes-1636636,4,Cauliflower Pancakes,Real Food Real Deals
322,Gluten-Free-Coconut-Flour-Waffles-1680213,3,Gluten Free Coconut Flour Waffles,Coconut Recipes
323,Easy-Baked-Pancake-Muffins-1583483,4,Easy Baked Pancake Muffins,Mom to Mom Nutrition
324,Breakfast-Skillet-Hash-1103792,3,Breakfast Skillet Hash,McCormick
325,Spinach-Omelet-with-Gouda-1690015,3,Spinach Omelet with Gouda,Beachbody
326,DASH-Applesauce-French-Toast-1013225,4,DASH Applesauce French Toast,Dash Diet Recipes
327,Gluten-Free-Pancakes-541642,3,Gluten Free Pancakes,Udi's Gluten Free UK
328,Slow-Cooker-French-Toast-1580361,4,Slow Cooker French Toast,Alarm Clock Wars
329,Lazy-Day-Pancakes-1680536,4,Lazy Day Pancakes,Primal Kitchen
330,Low-Carb-Breakfast-Lasagna-482953,4,Low Carb Breakfast Lasagna,I Breathe... I'm Hungry...
331,Jamie-Eason_s-Pumped-Up-Protein-Pancakes-1690262,4,Jamie Eason's Pumped Up Protein Pancakes,The Cake Chica
332,Lean-Eggs-and-Ham-1641128,3,Lean Eggs and Ham,Oxygen Magazine
333,French-Toast-Simply-Recipes-42631,5,French Toast,Simply Recipes
334,1-2-3-Gluten-Free-Pancakes-1533270,4,1-2-3 Gluten Free Pancakes,A Gluten Free Me
335,Homemade-Greek-Yogurt-1700025,3,Homemade Greek Yogurt,Huffington Post
336,Whole-wheat-protein-pancakes-309984,5,Whole Wheat Protein Pancakes,Kalyn's Kitchen
337,Easy-Blueberry-Jam-1682598,4,Easy Blueberry Jam,Macaroni and Cheesecake
338,Key-Lime-Homemade-Waffles-1621204,4,Key Lime Homemade Waffles,Lemons for Lulu
339,Jeannie_s-Banana-Kahlua-French-Toast-Syrup-1681598,4,Jeannie's Banana Kahlúa French Toast Syrup,The Taste San Francisco
340,Homemade-Whole-Wheat-Buttermilk-Waffles-_No-Sugar-Added_-1106966,4,Homemade Whole Wheat Buttermilk Waffles {No Sugar Added},Sugar-Free Mom
341,Blueberry-Buttermilk-Pancakes-1686565,4,Blueberry Buttermilk Pancakes,Chocolates and Chai
342,Sweet-Potato-Breakfast-Skillet-1683415,4,Sweet Potato Breakfast Skillet,Bijoux and Bits
343,Paleo-Pancakes-503735,4,Paleo Pancakes,Garlic My Soul
344,Strawberries-_-Cream-French-Toast-Bake-1612353,4,Strawberries & Cream French Toast Bake,Mostly Homemade Mom
345,Pancakes-From-Scratch-1361947,4,Pancakes From Scratch,The 2 Seasons
346,Gluten-Free-Blender-Pancakes-1613251,4,Gluten Free Blender Pancakes,Seasonal Cravings
347,Hearty-Eggs-with-Harissa-Spiced-Chickpeas-and-Mixed-greens-and-A-Ramadan-Gift-Giveaway-1696885,4,Hearty Eggs with Harissa Spiced Chickpeas and Mixed greens and “A Ramadan Gift” Giveaway,With A Spin
348,French-Toast-1200744,4,French Toast,12Tomatoes
349,Weekend-Warrior-Omelette-1611419,3,Weekend Warrior Omelette,The Paleo Diet
350,Vegan-Blueberry-Pancakes-1688509,4,Vegan Blueberry Pancakes,Veggie Souls
351,Make-Ahead-Breakfast-Cups-1060535,4,Make Ahead Breakfast Cups,Sweet T Makes Three
352,Oatmeal-Pancakes-554826,4,Oatmeal Pancakes,Biggest Loser Recipes
353,Blueberry-Gluten-Free-Pancakes-with-Quinoa-and-Lemon-1685590,4,Blueberry Gluten Free Pancakes with Quinoa and Lemon,Julie's Eats & Treats
354,Classic-Buttermilk-Waffles-1688907,3,Classic Buttermilk Waffles,King Arthur Flour
355,Double-Almond-Coconut-Granola-1683956,4,Double Almond Coconut Granola,The Café Sucré Farine
356,FIT-FRIDAY--OATMEAL-BLUEBERRY-PANCAKES-1044564,3,FIT FRIDAY- OATMEAL BLUEBERRY PANCAKES,The Era For Sarah
357,French-Toast-1511300,4,French Toast,Chef Savvy
358,N_Oatmeal-Breakfast-Bowl-1119574,4,N'Oatmeal Breakfast Bowl,Grok Grub
359,Cinnamon-Maple-Mixed-Nut-Butter-1634082,4,Cinnamon Maple Mixed Nut Butter,Simply Quinoa
360,French-Toast-Casserole-with-Blueberry-Cream-Cheese-Frosting-1698369,4,French Toast Casserole with Blueberry Cream Cheese Frosting,Kitchen Dreaming
361,Spinach-and-Artichoke-Strata-1689298,4,Spinach and Artichoke Strata,Helpful Homemade
362,Sweet-and-Spicy-Breakfast-Skillet-1320698,4,Sweet and Spicy Breakfast Skillet,Fresh Of The Grid
363,Dads-Favorite-Blueberry-Pancakes-1699268,4,Dad’s Favorite Blueberry Pancakes,Family Around The Table
364,Perfect-Spinach-_-Feta-Omelet-1687064,4,Perfect Spinach & Feta Omelet,Keto Diet
365,Homemade-Waffles-1626158,4,Homemade Waffles,All Things Mama
366,Scrambled-Eggs-with-Cheese_-Basil_-Spinach-and-Mushrooms-1712388,4,"Scrambled Eggs with Cheese, Basil, Spinach and Mushrooms",Poet in the Pantry
367,Caramel-Apple-French-Toast-Casserole-1638541,4,Caramel Apple French Toast Casserole,"All Things Food, Cooking with Mary and Friends"
368,Sourdough-Pancakes-601705,3,Sourdough Pancakes,Nourished Kitchen
369,Blueberry-oatmeal-waffles-334870,5,Blueberry Oatmeal Waffles,Post Punk Kitchen
370,Greek-yogurt-with-berries_-nuts-and-honey-352045,5,"Greek Yogurt with Berries, Nuts and Honey",Skinnytaste
371,Healthy-Fruit-and-Cream-Oatmeal-1707805,3,Healthy Fruit and Cream Oatmeal,Avocado a Day Nutrition
372,Maple-Bacon-Overnight-Cinnamon-Rolls-1705311,4,Maple Bacon Overnight Cinnamon Rolls,Cookie Dough and Oven Mitt
373,Honey-Sweetened-Strawberry-Vanilla-Jam-1688947,4,Honey Sweetened Strawberry Vanilla Jam,Food in Jars
374,Rainey-Thanksgiving-Day-French-Toast-1679986,4,Rainey Thanksgiving Day French Toast,FamilyLife
375,Spinach-and-mozzarella-egg-bake-309252,5,Spinach and Mozzarella Egg Bake,Kalyn's Kitchen
376,Lemon-Poppy-Seed-Pancakes-1583289,4,Lemon Poppy Seed Pancakes,Through Her Looking Glass
377,Porridge-with-coconut-milk_Recipe-for-weight-loss_-1680861,4,Porridge with coconut milk(Recipe for weight loss),Good food. Best Recipes
378,Cacao-Chia-Breakfast-Pudding-w_-Red-Berry-Mash-_-v-1703297,3,Cacao Chia Breakfast Pudding w/ Red Berry Mash | v,dollyandoatmeal.com
379,Green-Eggs-for-Breakfast-502301,4,Green Eggs for Breakfast,Nom Nom Paleo
380,Mango-Coconut-Overnight-Oats-1633166,4,Mango Coconut Overnight Oats,Chelsea's Healthy Kitchen
381,Baked-French-Toast-1522183,4,Baked French Toast,Doing Splendid
382,Perfect-Hard-Boiled-Eggs-1697531,4,Perfect Hard Boiled Eggs,Garnish With Lemon
383,Banoffee-Waffles-1698444,4,Banoffee Waffles,Lil Cupcake Monkey
384,Homemade-Strawberry-Chia-Seed-Jam-758879,4,Homemade Strawberry Chia Seed Jam,My Sequined Life
385,Simply-Perfect-Pancakes-1529207,3,Simply Perfect Pancakes,King Arthur Flour
386,Almond-Butter-Pancakes-1087916,4,Almond Butter Pancakes,Peanut Butter Fingers
387,Quinoa-Vegetable-Scramble-1281181,4,Quinoa Vegetable Scramble,Happy Being Healty
388,Almond-Pancakes-with-Almond-Breeze-1631862,4,Almond Pancakes with Almond Breeze,Almond Breeze
389,Eggs-in-Purgatory-with-Garlic-Bread-1681280,4,Eggs in Purgatory with Garlic Bread,The Kittchen
390,Mashed-potato-pancakes-333910,5,Mashed Potato Pancakes,How Sweet It Is
391,Homemade-Orange-Jam-1308443,4,Homemade Orange Jam,Chickadee Homestead
392,Cheese-Grits-1613920,4,Cheese Grits,Cosmopolitan Cornbread
393,Everyday-3-Minute-Oatmeal-1537906,4,Everyday 3-Minute Oatmeal,I Deliciate
394,Mashed-Banana-Oatmeal-1540688,4,Mashed Banana Oatmeal,Frugal Nutrition
395,Overnight-Oats-_Starbucks-Copycat_-1637769,4,Overnight Oats (Starbucks Copycat),Simply Whisked
396,3-Ingredient-Peanut-Butter-Pancakes-579838,4,3-Ingredient Peanut Butter Pancakes,Fit Foodie Finds
397,Turmeric-Eggs-1637141,3,Turmeric Eggs,DrAxe.com
398,Strawberries-_-Cream-Breakfast-Quinoa-1636229,4,Strawberries & Cream Breakfast Quinoa,Eat Drink Be Healthy
399,Vegan-Pancakes-1214928,3,Vegan Pancakes,popsugar.com
400,Veggie-Egg-Cups-1648521,4,Veggie Egg Cups,The New York Melrose Family
401,Tex-Mex-Breakfast-Muffins-1454116,4,Tex-Mex Breakfast Muffins,A Spicy Perspective
402,Sausage-Breakfast-Bites-1251800,4,Sausage Breakfast Bites,24/7 Low Carb Diner
403,Paleo-Pumpkin-Pancakes-1686514,3,Paleo Pumpkin Pancakes,Healing Gourmet
404,Sweet-Potato-Breakfast-Cookies-1634181,4,Sweet Potato Breakfast Cookies,My Whole Food Life
405,Cinnamon-Banana-Pancakes-1287984,4,Cinnamon Banana Pancakes,Call Me Fudge
406,Vegan-Coconut-Pancakes-1573721,4,Vegan Coconut Pancakes,The Sugar Hit
407,Almond-Blueberry-French-Toast-1690330,4,Almond Blueberry French Toast,Home Maid Simple
408,Basic-Omelette-1429341,4,Basic Omelette,Turkish Style Cooking
409,Sausage-_-Hash-Brown-Balls-963906,4,Sausage & Hash Brown Balls,Plain Chicken
410,Copycat-McDonalds-Pancakes-1015438,4,Copycat McDonalds Pancakes,NorCal Coupon Gal
411,German-Pancakes-1273823,4,German Pancakes,The Happy Flammily
412,Easiest-Banana-Pancakes-896059,3,Easiest Banana Pancakes,Hungry Happens.com
413,Low-Fat-Vanilla-Yogurt-Pancakes-1043803,4,Low-Fat Vanilla Yogurt Pancakes,The Worktop
414,Biggest-Loser-Oatmeal-Pancakes-1612507,4,Biggest Loser Oatmeal Pancakes,Low Points Recipes
415,Overnight-French-Toast-1047274,4,Overnight French Toast,Dramatic Pancake
416,Quinoa-Porridge-with-Blueberries-and-Pecans-Closet-Cooking-55001,5,Quinoa Porridge with Blueberries and Pecans,Closet Cooking
417,Blueberry-French-Toast-Casserole-1706713,4,Blueberry French Toast Casserole,"Eat, Drink and Save Money"
418,Lemon-Vanilla-Waffle-French-Toast-1567575,4,Lemon Vanilla Waffle French Toast,Running to the Kitchen
419,Apple-Pie-Overnight-Oats-1689508,4,Apple Pie Overnight Oats,Real Food Real Deals
420,Healthy-Matcha-Green-Tea-Oatmeal-1689110,4,Healthy Matcha Green Tea Oatmeal,Desserts with Benefits
421,Vegan-Fruit-and-Veggie-Everything-Breakfast-Loaf-1706267,4,Vegan Fruit and Veggie Everything Breakfast Loaf,The Colorful Kitchen
422,Perfect-Brunch-Eggs-573684,4,Perfect Brunch Eggs,Noble Pig
423,Double-Chocolate-Cashew-Overnight-Oats-1239066,4,Double Chocolate Cashew Overnight Oats,A Kitchen Addiction
424,Low-Carb-Pancakes-and-Waffles-1558432,4,Low Carb Pancakes and Waffles,My Kitchen Escapades
425,Blueberry-Chia-Seed-Jam-1022470,4,Blueberry Chia Seed Jam,My Sequined Life
426,Lemon-Pancakes-1688922,3,Lemon Pancakes,King Arthur Flour
427,Sausage-and-Apple-Frittata-with-Dill-1687580,3,Sausage-and-Apple Frittata with Dill,Food & Wine
428,Kale-_-Feta-Skillet-Frittata-in-15-Minutes-1635049,4,Kale & Feta Skillet Frittata in 15 Minutes,Clean-Eating Recipes
429,Good-For-You-Overnight-Oats-1621700,4,Good For You Overnight Oats,Fit Foodie Finds
430,Chunky-Monkey-Overnight-Oats-1694801,4,Chunky Monkey Overnight Oats,One Lovely Life
431,IHOP-Pancakes-631582,3,IHOP Pancakes,Todd Wilbur's Top Secret Recipes
432,Pancake-1286748,4,Pancake,The Diary of a Real Housewife
433,Peanut-Butter-Banana-Protein-Overnight-Oats-1583298,4,Peanut Butter Banana Protein Overnight Oats,Amy's Healthy Baking
434,Spinach_-Sun-Dried-Tomato_-and-Feta-Omelets-with-Pesto-1668183,4,"Spinach, Sun Dried Tomato, and Feta Omelets with Pesto",Simply Whisked
435,Snickerdoodle-Pancakes-1069034,4,Snickerdoodle Pancakes,This Mama Loves
436,Broken-arm-breakfast-casserole-with-cottage-cheese_-bacon_-feta_-and-green-onions-310079,5,"Broken Arm Breakfast Casserole with Cottage Cheese, Bacon, Feta, and Green Onions",Kalyn's Kitchen
437,Vegan-Banana-Oatmeal-Pancakes-752273,4,Vegan Banana Oatmeal Pancakes,Colourful Palate
438,Baked-Eggs-in-Ricotta-Parmesan-Creamed-Spinach-1710092,4,Baked Eggs in Ricotta Parmesan Creamed Spinach,Dennis The Prescott
439,Blueberry-Muffin-Overnight-Oats-1294948,4,Blueberry Muffin Overnight Oats,Eat Yourself Skinny
440,Easy-Breakfast-Waffles-1708864,4,Easy Breakfast Waffles,Sew White
441,5-Ingredient-Vegan-Banana-French-Toast-1640908,4,5 Ingredient Vegan Banana French Toast,Minimalist Baker
442,Vanilla-Pancakes-1035781,4,Vanilla Pancakes,Primal Palate
443,Spinach-And-Cheese-Egg-Muffins-1267448,4,Spinach And Cheese Egg Muffins,Passionated Cook
444,Blackberry-Lavendar-Jam-1698383,4,Blackberry Lavendar Jam,Freshly Preserved Ideas
445,Gluten-Free-Waffles-1629571,4,Gluten-Free Waffles,Dinner Was Delish
446,Greens-for-Breakfast-990688,4,Greens for Breakfast,SpoonUniversity
447,Paleo-Pancakes-1215112,4,Paleo Pancakes,A Spicy Perspective
448,Light-_-Fluffy-Banana-Pancakes-1283741,4,Light & Fluffy Banana Pancakes,Just So Tasty
449,4-Ingredient-Banana-Pancakes-1684831,4,4-Ingredient Banana Pancakes,Get Inspired Everyday!
450,Tex-Mex-Breakfast-Bowls-1686301,4,Tex-Mex Breakfast Bowls,Cookie and Kate
451,Birthday-Pancakes-with-Cream-Cheese-Glaze-1536855,4,Birthday Pancakes with Cream Cheese Glaze,Three Olives Branch
452,Homemade-Seasoning-for-Breakfast-Sausage-981462,4,Homemade Seasoning for Breakfast Sausage,Queen Of The Red Doublewide
453,Gooey-Baked-Cacao-Oatmeal-623228,3,Gooey Baked Cacao Oatmeal,Superfood Siobhan
454,Greek-Omelet-with-Feta-1617849,3,Greek Omelet with Feta,Kraft
455,Eggless-Pancakes-1556088,4,Eggless Pancakes,Madhurams's Eggless Cooking
456,Sausage_-Egg-and-Cheese-Breakfast-Roll-Ups-1236002,3,"Sausage, Egg and Cheese Breakfast Roll-Ups",Walmart
457,Chocolate-Oatmeal-1006760,4,Chocolate Oatmeal,My Clean Kitchen
458,Spanish-Omelette-1541158,4,Spanish Omelette,Munchkin Time
459,Mini-Keto-Pancake-Donuts-1217906,3,Mini Keto Pancake Donuts,ruled.me
460,Best-Breakfast-Pancakes-990185,5,Best Breakfast Pancakes,Once Upon A Chef
461,Alanna_s-peanut-butter-oatmeal-309979,5,Alanna's Peanut Butter Oatmeal,Kalyn's Kitchen
462,Crispy-Cornmeal-Pancakes-With-Blueberry-Sauce-_Vegan_-Gluten-Free_-1698904,3,"Crispy Cornmeal Pancakes With Blueberry Sauce [Vegan, Gluten-Free]",One Green Planet
463,Homemade-Breakfast-Sausage-1568374,4,Homemade Breakfast Sausage,Healthy Recipes
464,American-style-Blueberry-Pancakes-1707717,4,American-style Blueberry Pancakes,BarkTime
465,Avocado-Bacon-and-Eggs-1019540,4,Avocado Bacon and Eggs,Lil' Luna
466,Paleo-Banana-Pancakes-600387,3,Paleo Banana Pancakes,Not Quite Nigella
467,Four-Ingredient-Protein-Pancakes-988118,4,Four-Ingredient Protein Pancakes,Willow Bird Baking
468,Kahlua-and-Cream-French-Toast-1597605,4,Kahlua and Cream French Toast,Dizzy Busy and Hungry
469,Hoecakes-aka-Cornmeal-Pancakes-1633170,4,Hoecakes aka Cornmeal Pancakes,Grits and Pinecones
470,Basic-Buttermilk-Pancakes-1053871,4,Basic Buttermilk Pancakes,Daily Dish Recipes
471,Huevos-Rancheros-1284356,4,Huevos Rancheros,Bev Cooks
472,Chocolate-Chip-Pancakes-1051927,4,Chocolate Chip Pancakes,Frites & Fries
473,Chocolate-Chip-Pancakes-1056165,4,Chocolate Chip Pancakes,"Chocolate, Chocolate and More"
474,Blueberry-Dutch-Baby-Pancake-1595675,4,Blueberry Dutch Baby Pancake,Grab a Plate
475,Spaghetti-Squash-Egg-Baskets-1249325,4,Spaghetti Squash Egg Baskets,A Cozy Kitchen
476,Maple-Bacon-Sausage-Patties-1575305,4,Maple Bacon Sausage Patties,Living Loving Paleo
477,Our-Favorite-Overnight-Oats-568688,4,Our Favorite Overnight Oats,100 Days of Real Food
478,Egg-and-potato-breakfast-scramble-344679,5,Egg and Potato Breakfast Scramble,Cookie and Kate
479,Strawberries-and-Cream-Baked-Oatmeal-1620108,4,Strawberries and Cream Baked Oatmeal,Lynn's Kitchen Adventures
480,Yogurt-Breakfast-Bowl-1521229,4,Yogurt Breakfast Bowl,Healthy Women's Blog
481,Low-Sodium-Zucchini-Frittata-1702285,4,Low Sodium Zucchini Frittata,Hacking Salt
482,Summery-Spelt-Banana-Waffles-_vegan_-1693684,4,Summery Spelt Banana Waffles (vegan),Becoming Alice
483,Blueberry-Cheesecake-French-Toast-1634847,4,Blueberry Cheesecake French Toast,The Plaid and Paisley Kitchen
484,Cheesy-Scrambled-Eggs-471196,5,Cheesy Scrambled Eggs,Southern Plate
485,Coconut-Mango-Oat-Porridge-1662199,4,Coconut Mango Oat Porridge,Miss Clean Eats
486,Easy-Blueberry-Pancakes-511199,5,Easy Blueberry Pancakes,Food Republic
487,Double-Chocolate-Zucchini-Pancakes-1695944,4,Double-Chocolate Zucchini Pancakes,Whole and Heavenly Oven
488,Strawberry-Overnight-Oatmeal-1044048,4,Strawberry Overnight Oatmeal,Family Fun Journal
489,Triple-Berry-Baked-Oatmeal-1696529,4,Triple Berry Baked Oatmeal,The Healthy Maven
490,Peanut-Butter-Pancakes-1342291,4,Peanut Butter Pancakes,Just So Tasty
491,Sheepherder_s-Breakfast-1031558,3,Sheepherder's Breakfast,Taste of Home
492,Palatschinken---Austrian-Pancakes-1026441,4,Palatschinken - Austrian Pancakes,Austria Blog
493,Mini-Gingerbread-Oatmeal-Breakfast-Bites-1416028,4,Mini Gingerbread Oatmeal Breakfast Bites,OCD Kitchen
494,Quick-and-Easy-Waffles-1537027,4,Quick and Easy Waffles,Average Betty
495,Sausage-_-Cornbread-Breakfast-Casserole-1613238,4,Sausage & Cornbread Breakfast Casserole,Mix and Match Mama
496,Paleo-Pumpkin-Pancakes-with-Maple-Cashew-Cream-1707817,3,Paleo Pumpkin Pancakes with Maple-Cashew Cream,Avocado a Day Nutrition
497,Homemade-Whole-Wheat-Pancake-Mix-1559410,4,Homemade Whole Wheat Pancake Mix,Whole Food Real Families
498,Donut-French-Toast-1635063,4,Donut French Toast,The Novice Chef
499,Coconut-Flour-Breakfast-Bake-1191325,4,Coconut Flour Breakfast Bake,The Wannabe Chef
